{
    "memory_footprint_h5": 9000656,
    "val_acc": 0.7694000005722046,
    "inference_time": 0.5660948753356934,
    "fitness": 0.7694000005722046,
    "error": false
}