{
    "memory_footprint_h5": 11178832,
    "val_acc": 0.7401999831199646,
    "inference_time": 0.4452803134918213,
    "fitness": 0.7401999831199646,
    "error": false
}