{
    "memory_footprint_h5": 4697064,
    "val_acc": 0.8522999882698059,
    "inference_time": 0.24181437492370605,
    "fitness": 0.8522999882698059,
    "error": false
}