{
    "memory_footprint_h5": 3134592,
    "val_acc": 0.7487000226974487,
    "inference_time": 0.17343783378601074,
    "fitness": 0.7487000226974487,
    "error": false
}