{
    "memory_footprint_h5": 1643808,
    "val_acc": 0.7526000142097473,
    "inference_time": 0.24192142486572266,
    "fitness": 0.7526000142097473,
    "error": false
}