{
    "memory_footprint_h5": 6056184,
    "val_acc": 0.7939000129699707,
    "inference_time": 0.27082180976867676,
    "fitness": 0.7939000129699707,
    "error": false
}