{
    "memory_footprint_h5": 5138992,
    "val_acc": 0.9154000282287598,
    "inference_time": 0.21165990829467773,
    "fitness": 0.9154000282287598,
    "error": false
}