{
    "memory_footprint_h5": 2776592,
    "val_acc": 0.7692000269889832,
    "inference_time": 0.16865301132202148,
    "fitness": 0.7692000269889832,
    "error": false
}