{
    "memory_footprint_h5": 6499208,
    "val_acc": 0.1046999990940094,
    "inference_time": 0.5434842109680176,
    "fitness": 0.1046999990940094,
    "error": false
}