{
    "memory_footprint_h5": 6468256,
    "val_acc": 0.8610000014305115,
    "inference_time": 0.35930800437927246,
    "fitness": 0.8610000014305115,
    "error": false
}