{
    "memory_footprint_h5": 4566328,
    "val_acc": 0.8842999935150146,
    "inference_time": 0.23425650596618652,
    "fitness": 0.8842999935150146,
    "error": false
}