{
    "memory_footprint_h5": 4644104,
    "val_acc": 0.8925999999046326,
    "inference_time": 0.37007594108581543,
    "fitness": 0.8925999999046326,
    "error": false
}