{
    "memory_footprint_h5": 5780200,
    "val_acc": 0.8352000117301941,
    "inference_time": 0.7893970012664795,
    "fitness": 0.8352000117301941,
    "error": false
}