{
    "memory_footprint_h5": 12073280,
    "val_acc": 0.1014999970793724,
    "inference_time": 0.8332853317260742,
    "fitness": 0.1014999970793724,
    "error": false
}