{
    "memory_footprint_h5": 6439656,
    "val_acc": 0.8450999855995178,
    "inference_time": 0.20623779296875,
    "fitness": 0.8450999855995178,
    "error": false
}