{
    "memory_footprint_h5": 6761648,
    "val_acc": 0.10660000145435333,
    "inference_time": 0.41803956031799316,
    "fitness": 0.10660000145435333,
    "error": false
}