{
    "memory_footprint_h5": 10345288,
    "val_acc": 0.8191999793052673,
    "inference_time": 0.6552841663360596,
    "fitness": 0.8191999793052673,
    "error": false
}