{
    "memory_footprint_h5": 2683304,
    "val_acc": 0.7594000101089478,
    "inference_time": 0.2253410816192627,
    "fitness": 0.7594000101089478,
    "error": false
}