{
    "memory_footprint_h5": 6873136,
    "val_acc": 0.8838000297546387,
    "inference_time": 0.9689271450042725,
    "fitness": 0.8838000297546387,
    "error": false
}