{
    "memory_footprint_h5": 9261696,
    "val_acc": 0.10490000247955322,
    "inference_time": 0.4799926280975342,
    "fitness": 0.10490000247955322,
    "error": false
}