{
    "memory_footprint_h5": 5441208,
    "val_acc": 0.7853000164031982,
    "inference_time": 0.25592541694641113,
    "fitness": 0.7853000164031982,
    "error": false
}