{
    "memory_footprint_h5": 4002504,
    "val_acc": 0.10400000214576721,
    "inference_time": 0.23839664459228516,
    "fitness": 0.10400000214576721,
    "error": false
}