{
    "memory_footprint_h5": 7959480,
    "val_acc": 0.8574000000953674,
    "inference_time": 0.5175909996032715,
    "fitness": 0.8574000000953674,
    "error": false
}