{
    "memory_footprint_h5": 5634976,
    "val_acc": 0.1046999990940094,
    "inference_time": 0.38449811935424805,
    "fitness": 0.1046999990940094,
    "error": false
}