{
    "memory_footprint_h5": 1843552,
    "val_acc": 0.7314000129699707,
    "inference_time": 0.18641185760498047,
    "fitness": 0.7314000129699707,
    "error": false
}