{
    "memory_footprint_h5": 6413160,
    "val_acc": 0.8927000164985657,
    "inference_time": 0.19610214233398438,
    "fitness": 0.8927000164985657,
    "error": false
}