{
    "memory_footprint_h5": 53576,
    "val_acc": 0.4970000088214874,
    "inference_time": 0.09644341468811035,
    "fitness": 0.4970000088214874,
    "error": false
}