{
    "memory_footprint_h5": 9444104,
    "val_acc": 0.803600013256073,
    "inference_time": 0.27551937103271484,
    "fitness": 0.803600013256073,
    "error": false
}