{
    "memory_footprint_h5": 5899368,
    "val_acc": 0.824400007724762,
    "inference_time": 0.8726179599761963,
    "fitness": 0.824400007724762,
    "error": false
}