{
    "memory_footprint_h5": 6328640,
    "val_acc": 0.9178000092506409,
    "inference_time": 0.3537001609802246,
    "fitness": 0.9178000092506409,
    "error": false
}