{
    "memory_footprint_h5": 26424,
    "val_acc": 0.4034000039100647,
    "inference_time": 0.14461636543273926,
    "fitness": 0.4034000039100647,
    "error": false
}