{
    "memory_footprint_h5": 11910744,
    "val_acc": 0.10540000349283218,
    "inference_time": 0.41611337661743164,
    "fitness": 0.10540000349283218,
    "error": false
}