{
    "memory_footprint_h5": 8339928,
    "val_acc": 0.8774999976158142,
    "inference_time": 0.3525698184967041,
    "fitness": 0.8774999976158142,
    "error": false
}