{
    "memory_footprint_h5": 6592832,
    "val_acc": 0.7849000096321106,
    "inference_time": 0.3674323558807373,
    "fitness": 0.7849000096321106,
    "error": false
}