{
    "memory_footprint_h5": 12908896,
    "val_acc": 0.8629000186920166,
    "inference_time": 0.33654141426086426,
    "fitness": 0.8629000186920166,
    "error": false
}