{
    "memory_footprint_h5": 6807504,
    "val_acc": 0.10400000214576721,
    "inference_time": 0.4758579730987549,
    "fitness": 0.10400000214576721,
    "error": false
}