{
    "memory_footprint_h5": 9376592,
    "val_acc": 0.7692000269889832,
    "inference_time": 0.22652220726013184,
    "fitness": 0.7692000269889832,
    "error": false
}