{
    "memory_footprint_h5": 5806712,
    "val_acc": 0.7748000025749207,
    "inference_time": 0.26599645614624023,
    "fitness": 0.7748000025749207,
    "error": false
}