{
    "memory_footprint_h5": 4477616,
    "val_acc": 0.8726000189781189,
    "inference_time": 0.2634408473968506,
    "fitness": 0.8726000189781189,
    "error": false
}