{
    "memory_footprint_h5": 5224416,
    "val_acc": 0.10750000178813934,
    "inference_time": 0.6363084316253662,
    "fitness": 0.10750000178813934,
    "error": false
}