{
    "memory_footprint_h5": 14968784,
    "val_acc": 0.8761000037193298,
    "inference_time": 0.3123316764831543,
    "fitness": 0.8761000037193298,
    "error": false
}