{
    "memory_footprint_h5": 2116752,
    "val_acc": 0.1039000004529953,
    "inference_time": 0.33922433853149414,
    "fitness": 0.1039000004529953,
    "error": false
}