{
    "memory_footprint_h5": 4593768,
    "val_acc": 0.8478000164031982,
    "inference_time": 0.22022533416748047,
    "fitness": 0.8478000164031982,
    "error": false
}