{
    "memory_footprint_h5": 7127152,
    "val_acc": 0.8895999789237976,
    "inference_time": 0.8628971576690674,
    "fitness": 0.8895999789237976,
    "error": false
}