{
    "memory_footprint_h5": 529648,
    "val_acc": 0.7620000243186951,
    "inference_time": 0.13066959381103516,
    "fitness": 0.7620000243186951,
    "error": false
}