{
    "memory_footprint_h5": 5773736,
    "val_acc": 0.8669999837875366,
    "inference_time": 0.3278319835662842,
    "fitness": 0.8669999837875366,
    "error": false
}