{
    "memory_footprint_h5": 6009208,
    "val_acc": 0.8119000196456909,
    "inference_time": 0.16262316703796387,
    "fitness": 0.8119000196456909,
    "error": false
}