{
    "memory_footprint_h5": 6796960,
    "val_acc": 0.7749999761581421,
    "inference_time": 0.2900583744049072,
    "fitness": 0.7749999761581421,
    "error": false
}